id,daycare_centers,places,inhabitants,_100k_inhabitants,inhabitants_age_below_6
01,322,20352,397004,3.97004,20516
02,281,15934,292624,2.92624,14918
03,382,25423,427276,4.27276,22768
04,278,14081,343500,3.435,15921
05,158,12765,259277,2.59277,15354
06,203,13944,310044,3.10044,14153
07,280,17769,356959,3.56959,18904
08,248,16223,329488,3.29488,18021
09,207,15068,297236,2.97236,16935
10,159,15777,294091,2.94091,17487
11,171,18033,315548,3.15548,19196
12,170,12420,274098,2.74098,14765
